"1","17","38","22","24","27","44"
"2","18","51","7","9"
"3","50","43","45","17"
"4","48","50","37","22","7","43","11","14","15"
"5","33","53","23","7","9","10","11","28","13","14"
"6","34","51","36","56","9","29","14","47"
"7","32","2","4","5","31"
"8","48","51","53","54","23","28","45","15"
"9","5","6","11","2"
"10","52","5","22","40","57","42"
"11","4","5","28","45","9"
"12","51","58","61","30","14"
"13","18","20","5","56","44","45","62"
"14","34","4","20","5","37","6","12"
"15","4","37","8","46"
"16","20","36","21","56","25","28"
"17","1","19","3"
"18","2","50","39","41","25","44","13","61"
"19","17","33","40","26","27","31"
"20","16","13","14"
"21","16","41","24"
"22","1","4","68","36","53","38","10","29","46","47"
"23","5","70","8"
"24","1","66","21"
"25","16","18","71","56","27","59","60"
"26","33","49","66","19","45"
"27","1","19","25","42"
"28","16","36","52","5","54","8","11"
"29","32","52","6","22"
"30","32","33","56","12","62","47"
"31","64","19","70","7","39","60","77","45","62","46"
"32","36","52","70","7","74","29","77","30","62","79"
"33","19","5","26","30"
"34","64","80","81","83","36","6","72","45","14","79"
"35","70","71","39","56","73","74","59","75","62","79"
"36","16","32","34","50","67","85","6","22","59","28"
"37","4","14","15"
"38","1","53","22","47"
"39","18","35","54","87","40","42","45","78","46","31"
"40","19","39","10"
"41","18","66","21","87","57","62"
"42","39","10","27"
"43","65","3","4"
"44","48","1","18","13"
"45","34","3","39","8","26","11","13","31"
"46","96","65","66","50","67","22","39","15","31"
"47","6","22","38","30"
"48","81","4","87","8","44"
"49","99","53","56","72","26","93"
"50","18","3","4","36","46"
"51","80","2","52","68","6","70","87","8","12"
"52","32","51","69","10","28","29"
"53","49","98","5","22","38","8","75"
"54","68","85","39","8","88","57","28","60","78"
"55","66","102","70","74"
"56","16","49","35","6","25","58","13","30"
"57","54","41","10"
"58","70","56","12","108"
"59","80","97","35","36","25","75"
"60","97","100","54","72","25","106","76","61","31"
"61","18","12","60","111"
"62","32","35","83","85","104","41","13","30","31"
"63","64","81","84","101","86","103","75"
"64","34","82","90","74","108","31","63","79"
"65","114","43","46"
"66","55","24","41","26","46"
"67","36","106","46"
"68","51","22","54"
"69","83","115","52","90","91"
"70","32","35","51","23","55","120","58","106","31"
"71","35","116","117","102","119","120","25","75"
"72","49","34","115","99","119","75","60","78"
"73","97","81","82","35","85","118","78","111"
"74","32","64","113","35","116","102","55","92","77"
"75","35","53","71","72","59","63"
"76","97","85","88","60","92"
"77","32","74","31"
"78","113","54","39","72","73","95"
"79","32","64","97","34","35","108"
"80","34","51","59"
"81","48","97","34","101","73","63"
"82","64","114","84","85","88","73","105","90","107"
"83","34","69","120","89","125","109","62","127"
"84","82","121","110","63"
"85","82","36","54","73","76","62"
"86","134","94","63"
"87","48","51","115","39","120","41","110"
"88","129","82","100","101","54","76","109"
"89","130","83","117","135","136","121","105","139","125"
"90","64","82","69"
"91","113","131","115","116","69","133","103"
"92","129","133","74","76","108","124","142"
"93","112","49","130","98","99","108","125","94"
"94","99","100","86","104","105","137","106","124","93","95"
"95","114","133","78","94","126"
"96","130","131","115","117","104","125","46"
"97","81","73","59","60","76","79"
"98","114","53","93"
"99","49","72","93","94"
"100","118","150","88","60","94","126"
"101","81","131","132","118","88","104","120","137","124","63"
"102","148","55","71","74"
"103","144","116","152","138","91","108","63"
"104","96","101","135","136","62","94","142","110"
"105","82","130","146","131","134","89","121","94","111"
"106","67","132","70","120","122","155","60","124","94"
"107","113","82","115","150","135","156","141","142"
"108","64","103","135","58","155","92","93","79"
"109","83","148","88"
"110","128","84","87","104"
"111","128","73","105","61","141"
"112","162","132","117","156","93","143"
"113","115","133","74","91","107","141","78"
"114","65","82","98","95"
"115","96","113","69","87","72","91","107"
"116","71","103","74","91"
"117","96","112","144","131","148","165","150","71","89","122"
"118","100","101","73","137","139"
"119","147","165","71","72","155"
"120","83","101","70","71","87","106","138"
"121","161","147","84","150","89","105","159","127"
"122","145","130","131","117","149","135","136","106","170","143"
"123","135","168","154","142"
"124","101","106","92","94","126"
"125","96","83","166","89","156","93"
"126","100","135","169","171","124","142","95","175"
"127","145","177","83","166","150","167","121","155","142"
"128","146","166","134","168","152","171","173","110","111","175"
"129","88","92"
"130","96","89","105","122","93"
"131","96","145","148","101","117","150","105","122","91"
"132","112","101","106"
"133","113","91","92","95"
"134","128","177","162","86","105"
"135","104","89","122","107","123","108","126"
"136","144","161","145","104","89","122","170","140"
"137","101","118","94"
"138","145","147","164","103","120","187","156"
"139","118","89","173"
"140","147","149","183","136","153","169","186","154","156","189"
"141","113","167","107","111"
"142","104","107","123","92","126","127"
"143","112","178","164","181","153","122","187","159"
"144","117","103","136"
"145","131","136","122","138","173","158","127"
"146","128","179","165","166","105","171","158","175"
"147","119","121","138","140"
"148","131","117","102","171","109"
"149","122","140"
"150","176","193","131","100","117","121","107","127"
"151","160","162","164","167","154","186","189","158","191"
"152","128","194","198","103","170","186","158","175"
"153","161","197","184","200","140","172","143","191"
"154","163","181","182","151","123","155","187","140","204","157"
"155","119","106","154","108","127"
"156","112","138","107","140","125"
"157","176","194","196","185","154","202","171","204","173","190"
"158","176","145","146","163","151","152","205","159"
"159","208","180","121","188","173","158","143"
"160","195","182","198","151","168","169","185","170","171","203"
"161","136","121","153"
"162","112","176","177","194","212","181","134","151","186","205"
"163","209","212","154","204","172","158"
"164","151","138","186","205","143"
"165","146","210","211","117","119","185","205"
"166","128","146","212","197","188","125","127"
"167","192","193","209","194","151","141","206","127"
"168","128","160","180","123"
"169","160","140","126"
"170","160","211","136","152","122","218","172","174","190"
"171","128","160","146","148","157","126"
"172","163","153","170"
"173","128","145","197","218","139","157","174","159","191"
"174","179","183","216","170","203","187","173","189","175"
"175","128","225","146","179","152","218","202","204","126","174"
"176","162","181","150","215","204","157","158","222"
"177","162","134","215","216","127"
"178","192","181","198","183","202","187","206","222","143","191"
"179","225","146","182","215","201","218","219","174","175","207"
"180","168","159"
"181","176","224","162","178","230","183","154","143"
"182","160","209","179","231","185","154","202","188","205","206"
"183","208","178","181","197","214","219","140","221","174"
"184","226","194","196","153","217"
"185","160","165","182","157"
"186","162","164","151","152","140"
"187","178","138","154","174","143"
"188","166","182","159"
"189","208","192","209","214","151","203","140","220","174"
"190","240","212","196","228","197","198","170","157","221"
"191","224","241","178","213","151","153","173","239"
"192","178","167","189"
"193","243","229","150","167"
"194","162","167","152","184","157"
"195","160","229","198","200","201","218","203","222","238"
"196","184","200","202","157","190","239"
"197","166","183","153","201","220","173","205","190","206","223"
"198","160","178","195","152","216","233","190","223"
"199","225","242","212","228","230","247","216","234","235","237"
"200","241","195","196","153","233","250","222","223"
"201","179","195","197","232","233"
"202","178","196","182","157","175"
"203","160","195","189","174"
"204","176","163","217","154","157","237","222","175"
"205","162","164","165","197","182","249","252","158"
"206","225","178","210","197","182","167","220"
"207","256","224","179","211","228","233","218","237","238","223"
"208","183","189","159"
"209","163","182","167","189"
"210","256","227","260","165","206","222"
"211","240","225","227","165","261","245","170","207","255"
"212","162","163","166","199","190"
"213","225","191"
"214","225","258","183","215","189"
"215","176","177","179","214"
"216","177","242","260","198","230","199","217","252","174","223"
"217","184","216","204"
"218","179","195","259","262","170","219","173","254","175","207"
"219","179","183","218"
"220","240","227","260","197","189","269","206"
"221","183","247","190"
"222","176","178","210","195","200","204"
"223","197","198","200","216","207"
"224","240","272","181","248","233","191","207"
"225","179","211","213","214","199","206","175"
"226","257","274","184","265"
"227","241","210","211","259","264","251","220","238","270","254"
"228","256","273","276","199","265","269","190","207"
"229","193","273","195","255"
"230","181","199","216","264","265"
"231","242","182","279","233","266","251","268","269","254","239"
"232","242","274","245","247","201","237","253"
"233","224","198","231","200","201","266","236","207","255"
"234","276","260","199","248","266","284"
"235","273","243","275","278","199","255"
"236","279","233"
"237","260","199","232","249","204","270","207","287","239"
"238","195","227","259","243","207"
"239","288","243","196","231","248","268","237","191","287"
"240","224","272","211","246","251","220","190"
"241","227","275","200","281","282","266","191"
"242","262","199","231","247","216","232","264","284","254"
"243","193","235","238","239"
"244","256","259","264","253"
"245","272","274","211","291","292","232","280","265","250","253"
"246","240","269","287","255"
"247","242","199","232","221"
"248","224","234","239"
"249","257","274","290","291","261","263","252","205","237","271"
"250","258","260","245","262","200","280","287"
"251","240","227","231","295","254","255"
"252","260","279","216","249","205","270"
"253","256","273","290","244","245","232","297","265","266","300"
"254","242","227","260","231","218","251"
"255","211","229","246","278","233","281","235","251","302"
"256","210","228","244","260","261","278","267","299","253","207"
"257","226","307","262","278","249"
"258","214","250"
"259","288","274","227","244","293","280","218","238","303"
"260","256","210","308","216","234","250","220","252","237","254"
"261","256","211","262","249","297","300"
"262","257","242","261","218","250"
"263","294","249"
"264","273","242","227","307","244","308","230","312","313","271"
"265","304","226","228","245","230","310","279","299","283","253"
"266","241","274","231","233","234","283","300","253","270"
"267","256","290","276","278","294","283","271"
"268","305","307","231","281","283","284","316","270","239"
"269","228","246","231","220"
"270","227","266","252","268","237"
"271","272","291","294","310","264","249","282","267"
"272","224","240","245","300","271"
"273","228","229","264","235","253"
"274","226","259","245","232","249","266"
"275","241","279","280","298","235","315"
"276","228","234","267"
"277","305","296","280","316"
"278","256","257","322","235","267","284","255"
"279","275","231","265","236","252"
"280","259","275","245","277","250"
"281","241","268","255"
"282","241","328","286","271","287","319"
"283","265","266","267","268"
"284","288","242","290","292","278","312","234","268","300","301"
"285","304","322","290","307","308","328","315","316","286"
"286","293","327","282","285"
"287","306","309","246","250","282","314","330","237","239"
"288","259","294","310","313","284","334","239"
"289","304","290","326","332"
"290","289","249","267","284","253","285"
"291","338","245","293","311","249","298","315","271"
"292","245","284"
"293","259","291","340","327","316","300","286"
"294","288","263","267","299","271"
"295","344","251"
"296","323","277"
"297","261","312","347","253"
"298","305","337","275","291","309","327","330","314","334"
"299","256","294","265","317"
"300","272","304","308","261","293","266","347","284","253","319"
"301","312","344","284"
"302","322","323","326","310","344","331","255"
"303","321","259","343","345"
"304","289","265","300","285"
"305","336","354","307","340","277","298","330","268","333","334"
"306","320","321","356","328","313","314","331","287","351"
"307","257","305","354","308","264","346","347","268","285"
"308","307","260","264","300","285"
"309","344","298","348","334","287"
"310","288","321","339","326","342","265","330","302","271"
"311","291","342","327","343","329","330","317","333","334"
"312","339","326","264","297","345","284","301","319"
"313","288","306","354","322","343","264","329","317","334"
"314","306","322","357","345","361","298","362","348","317","287"
"315","320","275","291","360","362","285","350"
"316","322","277","293","360","268","285"
"317","323","311","313","314","362","299","364"
"318","340","324","344","330","363","333","367"
"319","352","369","355","326","312","329","282","300","365"
"320","306","325","315","331","350"
"321","306","310","361","303"
"322","278","313","314","316","285","302"
"323","368","324","373","296","360","345","364","317","302"
"324","353","323","347","318","335"
"325","320","337","373","358","375","329","347","367"
"326","289","356","310","312","360","365","302","350","319"
"327","369","293","311","361","298","286","366"
"328","306","371","282","330","285","366","335"
"329","369","325","311","313","330","365","319"
"330","305","310","311","328","329","298","318","287"
"331","320","306","371","358","302"
"332","352","289","357","343","377"
"333","305","311","318"
"334","288","352","305","370","309","311","313","298","380"
"335","324","356","328","360","363","379","380","350"
"336","305","353","373","358","362","383"
"337","325","341","298"
"338","291","373","357","359","379"
"339","370","355","341","310","342","312","360","378","346","347"
"340","305","353","293","363","380","318","366","382","367"
"341","368","337","339"
"342","339","356","310","311","392","349"
"343","355","373","311","376","313","332","380","364","303"
"344","368","309","358","295","359","345","301","381","302","318"
"345","323","312","344","314","303"
"346","368","307","339","374"
"347","307","339","387","324","325","297","300"
"348","352","355","387","309","314","365","398"
"349","355","342"
"350","320","326","315","335"
"351","306","372","392","381"
"352","357","332","348","334","319"
"353","336","324","340","388","362"
"354","305","307","356","313"
"355","339","343","348","349","319"
"356","306","354","326","342","374","361","394","335"
"357","352","338","314","332","396"
"358","336","400","325","373","344","393","378","331","363"
"359","338","344","377","379"
"360","400","402","323","339","326","407","315","379","316","335"
"361","321","356","327","314"
"362","336","353","314","315","317"
"363","340","358","318","335"
"364","323","343","317"
"365","326","329","348","319"
"366","368","340","388","327","391","328","409","398"
"367","417","340","325","395","381","318","382","399"
"368","323","341","344","346","366"
"369","384","386","406","327","329","393","414","319"
"370","384","339","388","394","334"
"371","384","385","402","405","374","328","394","331","382","399"
"372","416","385","409","351"
"373","336","338","323","325","358","343","423","381","399"
"374","401","371","356","346","380"
"375","401","386","420","325","391","393","413"
"376","343","378"
"377","385","401","388","405","406","359","392","332","412"
"378","339","358","376"
"379","338","359","360","335"
"380","340","374","343","334","335"
"381","404","373","407","344","427","398","351","367","415"
"382","371","340","367"
"383","336","405"
"384","369","370","371","388","410"
"385","371","403","372","377","396","414","431"
"386","369","375","399"
"387","390","423","391","347","427","348"
"388","384","353","370","377","366"
"389","400","418","435","404","436","422","439","423","426"
"390","387","423"
"391","418","387","375","366"
"392","403","342","424","377","425","426","412","351"
"393","369","402","434","358","438","375","439","442"
"394","370","371","356","427"
"395","417","434","405","438","424","425","410","427","398","367"
"396","385","433","357","443"
"397","432","441","427"
"398","400","433","402","405","395","348","444","381","366","430"
"399","386","371","373","367"
"400","389","358","360","398"
"401","374","375","377"
"402","371","421","360","393","441","425","410","398"
"403","385","452","392"
"404","417","450","419","389","421","440","409","411","381","431"
"405","371","420","422","423","440","377","395","398","383"
"406","369","377"
"407","360","381"
"408","449","450","453","424"
"409","372","404","426","366"
"410","384","402","435","451","395","459","411","444","447"
"411","432","450","404","410","458","444","447"
"412","449","438","392","377","457","444","431"
"413","436","420","375","423","424","441","445","447"
"414","369","385","441","457","446","463"
"415","458","381"
"416","449","433","451","372","454","426","427","429","447","431"
"417","465","466","404","453","441","458","395","445","462","367"
"418","432","450","452","389","453","391","431"
"419","433","465","404","437","455","457","425","460"
"420","434","467","405","437","470","375","460","413","462"
"421","402","404","423","426","446"
"422","449","467","389","405","455","472","427"
"423","387","373","389","405","421","390","413"
"424","392","408","395","428","413"
"425","402","419","392","395"
"426","416","389","421","392","409"
"427","416","387","422","394","395","381","397"
"428","432","436","455","424","441","442","475","429"
"429","416","428"
"430","467","436","468","454","439","455","473","474","398"
"431","416","385","433","449","418","466","404","412","463"
"432","418","411","428","397"
"433","416","419","453","455","443","396","398","446","431"
"434","464","466","420","470","393","473","395","444","460"
"435","468","389","454","410","442","443","446","463","447"
"436","466","389","437","438","472","442","428","413","430","478"
"437","419","420","436","455"
"438","436","393","395","412"
"439","389","471","456","393","430"
"440","448","467","404","405","470","476","447"
"441","417","402","471","428","397","413","414","478"
"442","435","436","469","454","393","428"
"443","433","481","435","484","468","454","473","396"
"444","434","471","410","411","412","398"
"445","417","471","457","413"
"446","433","435","421","414","447"
"447","416","435","440","410","411","413","446"
"448","496","465","498","451","468","484","440","488","493","479"
"449","416","422","408","412","431"
"450","418","404","408","411","477"
"451","416","448","481","500","471","488","489","410"
"452","418","403","483","473","476","495","463"
"453","417","433","418","408","456","474","476"
"454","416","435","442","443","430"
"455","433","419","437","422","502","428","430"
"456","481","465","482","484","453","439","505","460","476","463"
"457","466","419","502","505","412","445","414"
"458","480","417","482","466","488","505","411","459","461","415"
"459","497","466","470","504","505","410","458","506"
"460","434","419","420","456"
"461","480","472","458"
"462","417","483","420","468"
"463","435","452","456","414","431"
"464","434","514","469","488","473","509"
"465","448","417","481","419","456","490","474","477"
"466","417","434","436","457","458","459","431"
"467","420","516","422","502","470","503","440","509","430"
"468","448","435","443","430","462"
"469","464","480","498","518","442","491","476","510"
"470","434","467","420","440","459"
"471","451","439","441","444","445"
"472","513","436","484","422","520","461","477","479"
"473","464","434","452","443","430"
"474","496","465","484","453","505","430"
"475","522","507","428","509"
"476","452","453","469","440","456","525"
"477","465","450","515","487","503","472","504","506","494"
"478","436","441"
"479","448","496","482","472","504","508","511"
"480","469","458","461"
"481","465","451","456","443"
"482","497","514","456","489","458","523","479","511"
"483","498","531","452","485","503","493","462","510","527"
"484","448","456","472","505","474","522","443","492"
"485","529","483","499","486","521","507","493","511","527"
"486","485","504","508"
"487","500","501","520","505","506","523","477"
"488","448","464","528","451","515","458"
"489","513","482","451","500","516","517","504","536","521","526"
"490","528","465","532","533","520","505","523","509","510"
"491","512","529","516","500","469","502","536","522","538","525"
"492","496","528","497","514","484"
"493","448","483","485","504","538","507","495"
"494","515","500","532","533","502","535","519","504","477","526"
"495","512","498","452","521","523","508","493"
"496","448","517","504","474","492","509","479"
"497","482","459","492"
"498","448","512","513","546","483","469","510","495"
"499","544","548","485","534","503","506","542","511","527"
"500","451","547","516","487","489","505","491","494"
"501","548","517","487","519","507","540"
"502","467","455","535","551","457","491","494"
"503","467","483","499","547","536","552","521","539","540","477"
"504","496","486","489","459","477","493","494","479"
"505","484","500","487","456","552","457","458","474","490","459"
"506","499","487","521","459","477"
"507","485","501","517","551","537","475","508","493","541"
"508","486","553","507","523","479","495"
"509","464","496","467","490","475"
"510","498","483","469","551","490","522","557","542","527"
"511","528","560","561","482","499","485","552","479","543"
"512","498","532","491","495"
"513","498","519","472","489"
"514","464","482","492"
"515","488","477","494"
"516","467","500","489","491"
"517","496","501","520","489","521","537","507","555","558"
"518","528","530","531","532","469","533","567","558"
"519","513","530","547","501","494"
"520","546","563","517","566","487","472","568","490","540","542"
"521","485","517","503","489","506","495"
"522","484","475","491","510"
"523","482","549","487","490","554","508","573","542","495"
"524","560","544","529","549","568","537"
"525","531","549","537","491","476","556","559"
"526","530","549","489","569","556","557","494"
"527","528","560","546","483","499","548","485","540","510"
"528","518","488","490","492","511","527"
"529","562","579","485","549","537","491","524","540","542"
"530","579","518","519","539","526"
"531","483","548","580","518","525"
"532","512","518","490","494"
"533","545","546","518","490","541","494"
"534","562","499","564","580","550","570","540"
"535","577","545","548","502","585","538","494"
"536","503","489","491"
"537","529","517","507","524","525"
"538","560","535","491","493","541","573"
"539","530","503"
"540","529","501","534","503","520","527"
"541","533","538","507"
"542","529","499","520","523","510"
"543","560","545","546","581","553","571","574","511"
"544","577","594","546","499","524"
"545","576","547","564","580","533","582","535","543"
"546","544","498","533","520","527","543"
"547","545","500","503","519"
"548","499","531","501","535","527"
"549","529","523","524","525","526","558"
"550","592","579","596","597","534","599","553","554","589"
"551","502","507","510"
"552","579","564","503","505","554","555","589","511"
"553","550","585","554","508","574","543"
"554","581","550","566","552","600","553","602","523","587","575"
"555","517","552","572","574","590"
"556","576","561","579","597","603","525","526","558","591"
"557","592","593","594","586","510","526","558"
"558","517","549","518","556","557"
"559","580","584","586","571","572","525"
"560","610","538","524","590","511","527","543"
"561","582","568","571","556","588","511"
"562","529","534","571"
"563","578","564","612","596","613","565","520","586"
"564","545","577","563","597","534","552","570"
"565","610","563","597","601","571","573"
"566","520","554"
"567","578","518","614","598","615"
"568","561","595","596","612","597","520","618","524","591"
"569","608","526"
"570","564","534","606"
"571","561","562","565","620","543","559"
"572","577","594","555","603","605","559"
"573","596","565","538","618","523"
"574","553","555","543"
"575","592","554","623"
"576","545","556"
"577","544","594","564","535","572","606"
"578","563","567","607"
"579","529","530","550","552","556"
"580","545","531","534","559"
"581","631","584","554","619","590","543"
"582","545","561","605","622"
"583","609","612","615","631","601","633","603","587","605","589"
"584","628","581","599","616","617","603","621","559","623"
"585","535","553"
"586","610","563","596","602","557","605","559","591"
"587","614","583","615","554","591"
"588","608","561","598","615","606","622","607"
"589","550","583","552"
"590","560","627","581","555","635"
"591","568","586","587","556"
"592","595","550","615","617","557","575"
"593","640","624","627","615","631","633","635","557"
"594","544","640","577","609","614","572","557","639"
"595","592","608","626","614","568","634","602","605","638","623"
"596","563","550","568","586","573"
"597","564","565","550","568","556"
"598","567","631","599","588"
"599","613","550","598","584","637"
"600","628","615","601","554","637","621","606"
"601","565","583","600","604","622","607"
"602","595","554","586"
"603","583","584","635","556","572","653","638","607"
"604","601","618"
"605","595","582","583","586","572"
"606","577","600","570","588"
"607","656","578","613","630","601","618","603","588","623"
"608","625","626","595","630","614","615","569","588"
"609","594","658","630","583","653"
"610","560","565","649","586"
"611","657","642","644","618"
"612","656","563","659","660","583","568","652","623"
"613","563","599","607"
"614","608","594","626","595","645","567","587","651","638"
"615","592","608","593","567","583","600","587","588"
"616","660","584","620","623"
"617","592","642","645","584","653"
"618","611","568","604","573","607"
"619","624","626","643","581","646","664","634"
"620","656","616","571"
"621","641","630","663","584","600","665","666","634","651","636"
"622","672","658","645","582","663","647","664","601","650","588"
"623","642","595","659","612","584","616","575","607"
"624","593","643","629","630","646","666","634","619","635","655"
"625","608","656","657","642","659","643","635","636","652","670"
"626","608","595","614","619"
"627","593","675","677","631","664","666","636","590"
"628","642","659","660","676","662","631","584","600","635"
"629","624","648","652","653"
"630","608","624","609","650","621","607"
"631","593","627","628","644","660","581","661","598","583","632"
"632","643","631","647","648"
"633","593","657","583","663","666","671"
"634","624","595","619","621"
"635","624","672","593","625","628","661","663","682","603","590"
"636","640","625","627","643","681","682","621"
"637","599","600","667","686","670"
"638","595","659","614","664","680","603","685"
"639","641","594","652","654"
"640","593","594","636"
"641","688","679","649","651","652","621","639","655"
"642","625","674","611","628","661","617","649","665","623"
"643","624","625","659","632","619","636"
"644","690","611","660","631","665","686","655"
"645","614","694","617","653","622"
"646","624","676","619"
"647","661","632","651","622","655","687"
"648","673","629","632","697","681"
"649","641","610","642","680"
"650","691","676","630","678","662","698","668","622"
"651","641","673","660","614","662","647","695","681","621","670"
"652","625","641","612","629","683","653","639"
"653","609","629","645","617","603","652"
"654","662","696","683","668","669","639"
"655","624","641","644","647"
"656","625","612","620","607"
"657","625","611","659","662","695","633","699"
"658","609","622"
"659","625","657","643","612","628","638","623"
"660","612","628","644","631","616","651"
"661","642","631","647","635"
"662","657","707","628","708","694","650","651","668","654","702"
"663","675","633","665","635","621","622"
"664","705","627","691","693","665","698","619","622","638"
"665","642","644","663","664","621"
"666","624","705","627","633","697","684","621"
"667","691","676","714","683","700","637"
"668","688","672","707","662","711","696","650","685","654","670"
"669","674","654"
"670","625","681","651","668","637","685"
"671","695","696","633","699","683","716","718"
"672","721","691","635","668","622"
"673","704","676","648","651","716","686"
"674","642","709","678","669","718","703","719"
"675","627","723","677","663","679","697","717"
"676","673","690","628","693","646","650","667"
"677","688","627","675","696","700"
"678","674","706","723","708","680","650","698","682","684","700"
"679","641","706","675","708","710","711","698","683","719"
"680","678","695","711","649","681","638","703"
"681","648","680","696","697","651","636","670","687"
"682","720","706","678","710","728","697","729","635","636"
"683","679","730","667","652","654","671"
"684","678","666"
"685","705","693","668","638","670","686"
"686","673","644","637","685"
"687","704","688","723","647","696","681","697","715","718","719"
"688","641","705","677","668","687"
"689","691","729","699","716","735"
"690","705","644","676","710","694","714","701"
"691","672","689","705","723","694","664","650","698","667"
"692","712","730","715"
"693","676","740","694","664","685","718","702"
"694","690","691","645","693","662"
"695","657","680","651","671"
"696","677","681","668","654","671","687"
"697","675","648","681","666","682","687"
"698","691","678","679","664","650"
"699","657","689","725","727","712","714","671"
"700","677","678","667"
"701","705","690","722","743","727","730"
"702","737","739","724","693","662","726","745","714","750"
"703","674","738","707","727","680"
"704","736","673","737","739","725","710","745","718","734","687"
"705","688","690","691","664","666","685","701"
"706","738","725","678","679","728","729","682","749","717"
"707","721","662","743","715","668","718","703","751"
"708","662","678","679"
"709","674","755","712","714","730","716","733"
"710","704","690","679","682"
"711","738","755","679","680","731","668"
"712","723","692","724","740","709","726","699","731"
"713","753","738","725","760","746","734","735"
"714","690","755","739","709","667","699","702"
"715","736","720","707","739","692","728","763","748","718","687"
"716","673","689","722","723","709","757","759","760","730","671"
"717","737","706","675","739","741","725","743","728","760","733"
"718","704","674","707","693","715","671","687"
"719","674","679","687","735"
"720","758","745","682","715"
"721","672","736","752","753","738","707","756","761"
"722","769","772","757","760","747","716","701","766","750"
"723","675","691","678","712","716","687"
"724","736","771","712","762","749","702","767"
"725","704","706","713","699","717","766"
"726","771","727","712","745","763","702"
"727","736","726","746","699","731","701","703"
"728","768","706","682","715","731","763","717"
"729","752","689","706","756","775","682"
"730","692","709","683","716","701"
"731","752","737","741","758","711","727","712","728","761","763"
"732","738","740","743","764"
"733","709","748","717"
"734","704","775","713","745","777","762","747","748","767"
"735","689","713","719"
"736","704","721","724","727","715"
"737","704","731","717","702"
"738","721","706","711","713","732","703"
"739","704","714","715","717","702"
"740","693","712","732"
"741","731","717"
"742","753","786","792","782"
"743","768","707","788","792","793","747","732","748","701","717"
"744","786","751"
"745","704","720","726","702","734","783"
"746","786","727","792","713"
"747","722","743","734","782"
"748","754","755","758","743","715","733","734","766"
"749","706","724","789","774","779","764","781"
"750","769","722","771","777","794","765","702","782","767"
"751","801","770","707","772","773","744","778","797","765","798"
"752","721","802","772","758","792","729","762","731"
"753","721","742","713"
"754","803","788","804","759","760","748","796","782","783","767"
"755","709","711","714","748"
"756","768","721","788","790","729","762","796","765"
"757","800","722","804","772","716","796","765","782","798","766"
"758","720","752","800","731","795","748"
"759","754","716"
"760","722","754","713","716","717"
"761","721","774","810","731","811","781"
"762","752","784","769","787","724","756","781","734","799"
"763","726","791","728","777","715","731"
"764","732","749"
"765","756","757","789","774","808","750","766","751"
"766","722","771","725","757","779","748","765","782"
"767","754","724","811","734","750","782","783"
"768","756","774","743","728","796","797","813","782"
"769","722","762","750","814"
"770","785","802","793","778","751"
"771","787","724","820","804","773","726","808","779","750","766"
"772","752","800","722","787","804","757","814","751","783"
"773","800","817","771","803","822","791","808","751","783"
"774","768","820","761","810","811","749","765"
"775","729","734"
"776","784","801","785","809","810","795","781","814"
"777","763","734","750"
"778","770","803","789","806","795","751"
"779","785","771","795","780","749","766","798"
"780","788","822","790","779","781","830"
"781","784","789","821","791","776","761","793","762","780","749"
"782","768","754","757","742","747","750","766","767"
"783","754","772","773","745","767"
"784","776","808","762","781"
"785","770","821","776","779","811","813"
"786","742","744","746"
"787","771","772","762"
"788","754","756","743","780"
"789","778","812","796","749","765","781"
"790","756","804","780"
"791","800","773","839","793","763","796","781"
"792","752","742","743","746"
"793","833","770","835","805","743","791","825","826","827","781"
"794","807","824","842","813","750","814","799"
"795","835","758","806","776","778","779"
"796","768","754","756","757","789","791"
"797","768","751"
"798","757","837","823","824","779","751","831","815"
"799","816","834","821","762","794","811","813"
"800","772","757","773","758","791"
"801","807","776","825","811","751"
"802","752","770","846"
"803","754","773","853","778"
"804","754","771","772","757","790"
"805","808","793","831"
"806","836","778","795","844"
"807","801","835","836","824","794"
"808","784","771","773","805","858","765"
"809","834","837","822","776","829"
"810","774","776","761","859"
"811","785","801","774","761","843","767","799"
"812","849","851","789","854","838","843","859","844","862"
"813","768","816","785","850","823","794","842","826","799","831"
"814","816","769","835","772","854","776","794","846"
"815","850","852","854","822","838","857","798"
"816","813","814","799"
"817","865","849","866","850","773","854","825","842","843","846"
"818","832","836","856","826","827","829","845"
"819","866","835"
"820","848","833","771","868","837","774","854"
"821","785","781","799"
"822","773","809","826","780","815","831"
"823","849","835","870","813","798","846"
"824","807","857","873","794","798"
"825","801","817","851","793","857","862","863"
"826","818","822","793","813"
"827","818","793","844"
"828","832","865","852","868","871","858","859","860","862"
"829","833","818","868","809","876"
"830","835","856","841","874","780","847","879"
"831","805","822","839","872","876","844","813","798","847"
"832","818","837","838","839","828","862","847"
"833","882","820","856","793","859","829"
"834","848","865","850","852","872","809","842","799"
"835","819","807","823","793","795","814","830"
"836","818","806","807"
"837","832","820","809","798"
"838","832","865","883","868","886","843","812","815"
"839","832","870","791","843","877","831"
"840","864","866","882","867","883","869","870","886","846","879"
"841","877","830"
"842","817","834","794","813"
"843","864","817","884","853","838","839","858","811","812"
"844","852","806","854","827","812","845","877","831","847"
"845","865","818","882","888","890","844","876","879"
"846","848","817","802","823","840","814"
"847","832","844","830","831"
"848","834","820","846"
"849","817","823","812"
"850","817","834","813","815"
"851","864","899","886","825","874","859","812"
"852","834","855","828","844","815"
"853","803","900","869","888","873","843","876","862","894"
"854","817","820","904","812","844","814","815"
"855","881","852","884","885","887","903","904","857","890","876"
"856","833","818","899","867","874","891","860","830","862"
"857","900","855","871","824","825","906","874","815","895"
"858","897","900","870","808","904","843","828","860","894","862"
"859","833","851","810","812","828"
"860","902","856","858","828","910","863"
"861","881","893","877","879"
"862","832","853","856","825","858","812","828"
"863","913","886","904","825","889","873","891","860","892","895"
"864","912","851","840","843","891","893"
"865","880","817","913","834","898","838","828","845","877","879"
"866","817","819","915","840"
"867","913","898","902","871","840","856","872","906","876"
"868","820","838","828","829"
"869","900","853","870","840"
"870","869","823","839","840","858"
"871","867","857","828","910"
"872","834","867","831"
"873","853","824","863"
"874","914","851","886","856","857","922","893","830"
"875","896","881","917","889","907","878"
"876","867","899","853","855","829","845","925","831"
"877","865","839","841","844","861"
"878","880","900","886","905","889","921","875","924","911"
"879","865","916","840","907","908","845","861","830","910"
"880","865","913","915","902","888","920","906","878"
"881","901","855","875","861","909"
"882","833","929","917","886","840","923","845"
"883","896","884","838","840","890","926"
"884","928","930","883","933","855","843"
"885","932","886","855","920"
"886","882","851","885","838","840","874","878","863"
"887","855","905"
"888","880","853","934","845","926"
"889","896","934","902","875","878","863"
"890","883","918","902","855","923","908","845"
"891","864","896","915","856","907","924","894","863"
"892","898","936","906","923","940","909","894","942","863","911"
"893","864","929","913","930","903","905","937","874","861","925"
"894","853","902","858","891","939","892"
"895","896","929","898","919","857","906","908","909","926","863"
"896","883","889","875","891","895"
"897","858","923"
"898","865","867","947","906","892","895"
"899","851","856","876"
"900","912","853","869","857","858","878"
"901","881","945","902","938"
"902","880","867","901","889","890","860","894"
"903","913","855","893"
"904","854","855","858","863"
"905","913","933","917","887","919","940","893","878","943","911"
"906","880","898","867","857","892","895"
"907","928","944","934","921","875","891","879"
"908","945","890","938","910","879","895"
"909","881","914","947","949","934","918","920","936","892","895"
"910","945","932","871","937","860","908","879"
"911","946","905","955","892","878"
"912","864","961","900","917","934","920","937","924","942"
"913","880","865","867","903","905","893","863"
"914","944","874","909"
"915","880","866","948","950","922","891","959"
"916","920","953","954","879","927"
"917","912","882","905","875"
"918","960","945","961","931","890","909"
"919","944","934","905","895"
"920","880","912","916","885","909"
"921","960","949","907","878","926"
"922","946","915","947","936","874","955","940","927"
"923","897","882","947","931","953","890","892","941","957"
"924","912","962","930","891","878","927"
"925","952","876","893","941"
"926","883","931","888","921","895"
"927","916","922","924"
"928","960","884","952","907","973"
"929","977","882","964","935","952","953","954","893","895"
"930","961","977","884","967","952","937","939","924","956","893"
"931","946","980","918","967","935","952","923","939","957","926"
"932","885","910","959"
"933","947","884","951","905","973","957","959","975"
"934","912","919","888","889","907","909"
"935","960","929","945","931","984","985","939","956","957"
"936","961","978","947","949","922","892","972","909","973","943"
"937","912","930","987","893","910","974"
"938","901","982","908"
"939","930","931","935","894"
"940","979","968","952","905","985","922","986","987","892","989"
"941","961","946","948","982","984","923","925","973"
"942","912","976","962","982","954","970","892","975","991"
"943","947","949","967","936","905","969","986","955","990"
"944","960","914","964","950","982","919","985","970","907","989"
"945","901","918","935","908","910"
"946","931","922","941","911"
"947","898","963","933","965","936","922","923","909","943","975"
"948","976","978","994","915","997","966","967","954","941"
"949","998","936","968","921","986","955","988","909","973","943"
"950","944","976","993","915","982","986"
"951","995","980","933","983","968","969","955","956","989","957"
"952","928","929","930","931","969","1002","940","925","974"
"953","929","916","923"
"954","929","916","948","984","942"
"955","993","978","995","949","951","1000","984","922","911","943"
"956","930","935","951","983","971","957"
"957","931","933","997","935","951","999","923","956","1004","973"
"958","972","1006","959"
"959","915","932","933","983","1000","971","988","973","958"
"960","928","944","918","935","921"
"961","912","930","918","936","941"
"962","998","1002","987","924","1004","942","974"
"963","1008","977","947","996","983","968","987","989","1006"
"964","944","1008","929","1012","991"
"965","977","947","979","982","983","985"
"966","992","993","948","980","983","1001","986","971","991"
"967","1009","977","930","978","931","948","1012","999","1002","943"
"968","963","949","951","940"
"969","951","952","943"
"970","944","1011","1016","1017","972","973","942"
"971","997","966","956","1004","990","959"
"972","992","994","979","998","936","970","1018","958","990"
"973","928","933","949","936","970","941","957","959"
"974","962","1011","952","937","1018","987","1020"
"975","947","933","997","1000","984","942"
"976","948","950","942"
"977","929","930","963","965","967"
"978","993","994","948","996","967","936","1002","955","1022"
"979","1024","965","981","982","940","972","1004","990","1007"
"980","1010","931","966","982","951"
"981","979","983"
"982","944","979","980","965","950","938","941","942"
"983","963","965","981","966","951","956","959"
"984","935","1001","954","955","1019","941","1005","975","1007"
"985","944","1010","965","935","940","988","1021","1007","991"
"986","949","950","966","940","943"
"987","962","963","999","937","940","974","1007"
"988","949","985","959"
"989","944","963","1027","1029","997","951","1015","940","1038","1039"
"990","979","971","972","1038","943"
"991","964","966","985","1036","942"
"992","1024","966","972","1038"
"993","978","995","950","966","999","1017","955","1021","1039"
"994","1024","1040","978","948","999","1031","1002","1035","972"
"995","993","951","955"
"996","1024","1040","1041","1025","978","963","998","1035","1021"
"997","948","971","957","989","975","1039"
"998","962","996","949","972"
"999","993","994","967","987","957"
"1000","1002","955","959","975","1023"
"1001","966","984"
"1002","962","978","994","967","952","1000"
"1003","1043","1015"
"1004","962","979","971","957"
"1005","1009","1025","1042","1044","1046","1047","984","1049","1038"
"1006","963","1011","1019","958"
"1007","979","984","985","987"
"1008","963","1027","964","1017","1034","1054"
"1009","1040","1057","967","1033","1018","1036","1005","1038"
"1010","1024","980","1045","1047","985"
"1011","970","974","1006"
"1012","1041","964","967","1035"
"1013","1042","1044","1060","1063","1016","1017","1018"
"1014","1056","1025","1057","1027","1059","1049","1018","1019","1039"
"1015","1061","1030","1046","1016","1033","1003","989","1053","1055"
"1016","1041","1013","1061","1030","1015","1065","1049","970","1021"
"1017","1008","993","1013","970","1018"
"1018","1009","1025","1060","1013","1014","1017","1067","972","974"
"1019","1014","1047","984","1050","1052","1037","1006","1022","1039"
"1020","1025","1043","1046","1047","974"
"1021","993","996","1016","985"
"1022","978","1058","1028","1044","1031","1047","1063","1033","1019","1054"
"1023","1026","1059","1063","1031","1000","1048","1033","1051","1055"
"1024","992","994","1010","979","996","1061"
"1025","1056","996","1014","1062","1018","1020","1005","1053","1070"
"1026","1041","1042","1076","1033","1051","1036","1037","1038","1023","1039"
"1027","1008","1057","1075","1014","1051","989"
"1028","1043","1062","1049","1036","1022","1070"
"1029","1073","1058","1075","1059","1060","1061","1033","989","1037","1054"
"1030","1056","1015","1047","1016","1065","1050","1035"
"1031","994","1044","1049","1022","1023"
"1032","1056","1062","1078","1050","1069","1037"
"1033","1009","1026","1044","1029","1015","1048","1083","1022","1023"
"1034","1008","1063","1054"
"1035","994","996","1012","1030"
"1036","1009","1026","1028","991"
"1037","1073","1026","1029","1047","1032","1082","1019","1071"
"1038","992","1009","1026","1047","989","1005","990"
"1039","993","1026","997","1014","1019","989"
"1040","1009","1089","1057","994","996","1076","1077"
"1041","1057","1026","1090","996","1012","1060","1016","1087"
"1042","1026","1013","1045","1005"
"1043","1056","1028","1062","1079","1003","1020"
"1044","1013","1031","1033","1005","1022"
"1045","1010","1042","1075","1084"
"1046","1056","1090","1092","1060","1015","1047","1048","1020","1052","1005"
"1047","1010","1030","1046","1019","1020","1005","1037","1022","1038"
"1048","1089","1060","1046","1033","1052","1023"
"1049","1028","1014","1031","1016","1005"
"1050","1072","1030","1078","1032","1096","1065","1019","1086"
"1051","1089","1026","1027","1078","1099","1069","1023"
"1052","1091","1076","1046","1048","1019","1099","1067","1084"
"1053","1025","1078","1015","1079","1065","1084"
"1054","1008","1057","1091","1029","1078","1034","1083","1022"
"1055","1088","1061","1015","1080","1083","1102","1023"
"1056","1025","1043","1060","1014","1030","1046","1032","1082","1067","1103"
"1057","1040","1009","1041","1027","1014","1054"
"1058","1089","1076","1029","1082","1069","1022","1087"
"1059","1029","1014","1023"
"1060","1056","1041","1013","1029","1046","1048","1018"
"1061","1024","1072","1076","1029","1015","1016","1055"
"1062","1025","1043","1028","1032"
"1063","1013","1034","1022","1023"
"1064","1104","1106","1078","1094","1065","1114","1070"
"1065","1030","1016","1064","1050","1053"
"1066","1090","1076","1092","1110","1116","1070","1087"
"1067","1056","1074","1078","1096","1018","1052","1101"
"1068","1105","1073","1107","1092","1076","1077","1116","1085","1087"
"1069","1089","1058","1090","1107","1110","1095","1032","1051","1085","1087"
"1070","1025","1028","1108","1064","1066","1098"
"1071","1104","1091","1115","1116","1037"
"1072","1120","1108","1061","1113","1050","1083","1117","1102"
"1073","1029","1077","1112","1099","1068","1100","1037","1118"
"1074","1107","1076","1111","1112","1067","1086"
"1075","1121","1027","1029","1045","1095","1079"
"1076","1040","1026","1058","1074","1061","1066","1052","1068"
"1077","1040","1073","1105","1091","1094","1068","1100","1118"
"1078","1032","1064","1050","1051","1067","1053","1054"
"1079","1088","1122","1043","1075","1124","1129","1098","1116","1053"
"1080","1108","1093","1127","1112","1113","1129","1099","1117","1055","1087"
"1081","1106","1096","1101"
"1082","1056","1058","1125","1097","1037","1119"
"1083","1072","1033","1054","1055"
"1084","1105","1091","1123","1045","1111","1129","1052","1053","1102"
"1085","1068","1069"
"1086","1074","1096","1050","1133"
"1087","1041","1058","1080","1066","1068","1069"
"1088","1104","1137","1105","1092","1126","1079","1116","1117","1134","1055"
"1089","1040","1058","1092","1110","1048","1051","1069","1101"
"1090","1041","1046","1066","1069"
"1091","1077","1052","1084","1054","1071"
"1092","1088","1089","1046","1066","1068"
"1093","1122","1125","1094","1143","1080","1131","1099","1118"
"1094","1077","1093","1064"
"1095","1075","1069"
"1096","1107","1081","1050","1067","1131","1086"
"1097","1138","1108","1124","1112","1128","1082","1133"
"1098","1136","1108","1109","1079","1145","1114","1099","1070","1118"
"1099","1073","1093","1141","1143","1080","1129","1098","1051","1052","1134"
"1100","1073","1123","1108","1077","1110","1142","1111","1145","1131","1118"
"1101","1089","1110","1081","1129","1145","1067","1115"
"1102","1072","1084","1055"
"1103","1056","1124","1141","1111","1127","1144","1145","1129","1116","1151"
"1104","1088","1153","1141","1126","1064","1145","1129","1071","1135"
"1105","1088","1121","1107","1077","1068","1084","1135"
"1106","1064","1112","1081","1117","1119"
"1107","1105","1074","1122","1096","1068","1069"
"1108","1072","1080","1097","1098","1100","1116","1070"
"1109","1122","1124","1140","1156","1157","1098","1146","1117"
"1110","1120","1089","1125","1066","1100","1069","1101"
"1111","1074","1155","1140","1158","1084","1100","1103"
"1112","1073","1074","1106","1080","1097"
"1113","1072","1140","1080","1147"
"1114","1136","1137","1155","1064","1161","1098","1146","1135"
"1115","1154","1123","1147","1101","1071"
"1116","1088","1152","1108","1079","1066","1068","1150","1071","1103"
"1117","1072","1088","1106","1109","1127","1080","1167"
"1118","1073","1077","1093","1098","1100"
"1119","1106","1129","1082"
"1120","1072","1136","1138","1155","1123","1110","1126","1143","1148"
"1121","1105","1153","1169","1075","1124","1144","1132"
"1122","1168","1107","1093","1109","1126","1079","1134"
"1123","1120","1138","1161","1115","1084","1100","1148","1133","1150"
"1124","1121","1109","1079","1097","1161","1131","1103"
"1125","1093","1110","1160","1082","1167"
"1126","1088","1104","1120","1122"
"1127","1169","1171","1080","1177","1117","1103"
"1128","1168","1097"
"1129","1104","1156","1079","1080","1099","1084","1164","1101","1103","1119"
"1130","1171","1156","1160","1161","1177","1164","1133","1167","1135"
"1131","1137","1124","1093","1096","1100","1135"
"1132","1121","1153","1141","1142","1159","1175","1160","1176","1146","1147"
"1133","1123","1097","1130","1086","1135"
"1134","1088","1122","1099"
"1135","1104","1168","1105","1141","1114","1130","1131","1133","1182"
"1136","1120","1169","1139","1172","1098","1114","1146","1181"
"1137","1088","1139","1155","1114","1146","1131","1148","1181","1183"
"1138","1120","1123","1155","1188","1160","1097","1177"
"1139","1136","1137","1154","1171","1159","1144","1161","1147","1182","1166"
"1140","1109","1142","1111","1113","1167"
"1141","1104","1099","1132","1103","1135"
"1142","1169","1140","1161","1100","1132"
"1143","1120","1093","1099"
"1144","1121","1139","1103"
"1145","1104","1185","1098","1162","1100","1101","1103"
"1146","1136","1137","1109","1114","1132"
"1147","1184","1152","1139","1190","1113","1115","1132"
"1148","1120","1137","1123"
"1149","1184","1193","1164"
"1150","1123","1175","1176","1177","1161","1163","1116"
"1151","1154","1187","1189","1180","1182","1103"
"1152","1200","1147","1116"
"1153","1104","1121","1132"
"1154","1139","1156","1172","1173","1190","1160","1115","1198","1151","1199"
"1155","1120","1137","1138","1170","1187","1158","1111","1114"
"1156","1154","1109","1129","1193","1130","1198"
"1157","1204","1109"
"1158","1155","1187","1204","1172","1188","1111","1178","1183"
"1159","1139","1188","1192","1177","1195","1132","1165","1198"
"1160","1138","1154","1125","1130","1132"
"1161","1123","1139","1124","1142","1114","1130","1150"
"1162","1145","1193","1194","1178","1183"
"1163","1180","1181","1150"
"1164","1186","1188","1206","1176","1129","1130","1211","1212","1149"
"1165","1173","1159"
"1166","1201","1139","1205","1192","1194","1210","1181","1214","1183"
"1167","1202","1140","1172","1125","1207","1130","1117","1215"
"1168","1122","1128","1135"
"1169","1136","1121","1142","1127"
"1170","1186","1155","1203","1206"
"1171","1200","1139","1172","1189","1206","1127","1207","1176","1130","1197"
"1172","1136","1154","1202","1171","1205","1158","1178","1179","1196","1167"
"1173","1200","1154","1191","1175","1177","1194","1165","1181"
"1174","1216","1217","1185","1219","1187","1220","1194","1182","1214"
"1175","1173","1224","1132","1150","1215"
"1176","1201","1171","1206","1207","1224","1209","1132","1164","1150"
"1177","1138","1173","1127","1159","1130","1150"
"1178","1172","1158","1223","1162","1211"
"1179","1172","1208","1224","1210","1196"
"1180","1207","1194","1163","1195","1213","1151"
"1181","1136","1137","1173","1163","1166"
"1182","1139","1204","1174","1135","1151"
"1183","1137","1158","1162","1166"
"1184","1232","1192","1224","1210","1147","1211","1149","1229","1215"
"1185","1174","1145"
"1186","1217","1170","1190","1164","1196","1214"
"1187","1155","1158","1174","1151"
"1188","1138","1158","1159","1164"
"1189","1218","1171","1205","1210","1198","1151"
"1190","1232","1233","1154","1186","1238","1147","1211","1212","1231","1199"
"1191","1173","1225"
"1192","1184","1159","1224","1211","1166"
"1193","1232","1234","1156","1204","1162","1194","1210","1242","1149","1197"
"1194","1173","1174","1193","1162","1180","1166"
"1195","1220","1159","1180"
"1196","1216","1186","1172","1220","1226","1179"
"1197","1171","1236","1205","1221","1239","1193","1241","1228"
"1198","1232","1154","1156","1189","1159","1225","1209"
"1199","1217","1154","1204","1190","1241","1210"
"1200","1152","1233","1202","1171","1219","1235","1236","1173","1246","1247"
"1201","1236","1222","1176","1224","1209","1166"
"1202","1200","1232","1172","1205","1221","1242","1227","1212","1213","1167"
"1203","1170","1204","1226","1212"
"1204","1203","1157","1158","1207","1193","1182","1199"
"1205","1202","1172","1189","1240","1241","1211","1197","1245","1166","1231"
"1206","1170","1171","1252","1176","1240","1208","1224","1227","1164"
"1207","1218","1171","1251","1204","1176","1180","1244","1167"
"1208","1253","1206","1179","1245"
"1209","1201","1176","1224","1198"
"1210","1184","1189","1193","1179","1166","1199"
"1211","1184","1205","1190","1192","1178","1164"
"1212","1202","1203","1190","1164"
"1213","1249","1202","1234","1251","1225","1243","1180","1245","1230","1262"
"1214","1232","1186","1174","1166"
"1215","1184","1222","1175","1258","1167"
"1216","1266","1251","1252","1174","1257","1196","1246"
"1217","1186","1174","1199"
"1218","1266","1235","1267","1189","1207","1223","1242","1244","1247"
"1219","1200","1174","1240"
"1220","1253","1174","1270","1195","1196","1261","1263"
"1221","1202","1266","1252","1254","1197","1245","1230"
"1222","1201","1238","1255","1224","1259","1262","1215"
"1223","1218","1237","1178"
"1224","1184","1201","1206","1222","1175","1176","1192","1209","1179"
"1225","1251","1237","1253","1191","1240","1213","1198"
"1226","1248","1265","1234","1203","1271","1272","1274","1196"
"1227","1202","1266","1252","1206","1255","1274","1260"
"1228","1239","1244","1197","1246"
"1229","1184","1248","1263"
"1230","1234","1267","1268","1221","1269","1255","1271","1213"
"1231","1281","1205","1237","1190"
"1232","1184","1202","1190","1193","1198","1214"
"1233","1200","1190"
"1234","1248","1240","1193","1226","1258","1260","1213","1230","1279"
"1235","1200","1218","1268","1253","1272","1259","1246","1263"
"1236","1200","1280","1201","1250","1268","1252","1285","1239","1197"
"1237","1285","1223","1225","1231","1247"
"1238","1280","1266","1190","1222","1245","1246"
"1239","1236","1228","1197"
"1240","1234","1219","1205","1206","1225"
"1241","1266","1205","1276","1197","1199"
"1242","1280","1202","1218","1283","1284","1193","1290","1258","1263"
"1243","1264","1270","1255","1213","1246"
"1244","1249","1218","1284","1207","1228","1261","1294"
"1245","1265","1282","1250","1205","1221","1238","1208","1213"
"1246","1200","1216","1235","1238","1243","1228"
"1247","1200","1218","1251","1237","1287","1263"
"1248","1234","1266","1272","1226","1229","1261"
"1249","1298","1257","1290","1244","1260","1213"
"1250","1283","1236","1272","1289","1245"
"1251","1216","1207","1225","1213","1247"
"1252","1216","1296","1299","1236","1221","1206","1271","1273","1227","1294"
"1253","1235","1220","1271","1208","1272","1225"
"1254","1221","1278"
"1255","1222","1227","1243","1230"
"1256","1265","1267","1283","1300","1289","1258","1263"
"1257","1216","1249","1303","1287","1289","1292"
"1258","1280","1234","1256","1242","1215"
"1259","1280","1235","1222","1307","1260","1277"
"1260","1249","1265","1281","1234","1298","1303","1305","1227","1259","1307"
"1261","1248","1220","1244"
"1262","1264","1299","1285","1222","1287","1213","1309","1295","1279"
"1263","1235","1220","1256","1242","1292","1229","1247"
"1264","1284","1243","1308","1262","1311"
"1265","1256","1226","1260","1245"
"1266","1216","1248","1218","1221","1238","1241","1227"
"1267","1313","1218","1287","1256","1304","1293","1230"
"1268","1235","1236","1230"
"1269","1297","1284","1301","1303","1287","1288","1290","1292","1230"
"1270","1220","1243"
"1271","1252","1253","1226","1230"
"1272","1248","1250","1235","1253","1226"
"1273","1282","1252","1276","1293","1309","1294","1310"
"1274","1316","1301","1226","1227","1308","1294"
"1275","1291","1277"
"1276","1313","1299","1241","1273"
"1277","1280","1296","1282","1299","1315","1301","1259","1275","1291"
"1278","1296","1298","1317","1301","1254","1319","1323","1325","1327"
"1279","1234","1316","1321","1305","1290","1322","1291","1292","1262","1295"
"1280","1297","1236","1238","1242","1258","1259","1307","1277"
"1281","1329","1313","1300","1320","1260","1308","1325","1231"
"1282","1329","1331","1286","1320","1273","1306","1245","1277","1311"
"1283","1250","1256","1242","1290"
"1284","1264","1269","1333","1334","1321","1242","1323","1291","1244"
"1285","1236","1237","1262"
"1286","1282","1331","1300"
"1287","1313","1298","1267","1269","1334","1257","1262","1326","1247"
"1288","1330","1269","1338"
"1289","1250","1330","1316","1317","1256","1257","1339","1310"
"1290","1328","1249","1283","1316","1269","1303","1242","1326","1279"
"1291","1298","1299","1284","1333","1275","1277","1279"
"1292","1269","1319","1257","1263","1279"
"1293","1267","1302","1319","1304","1273"
"1294","1344","1328","1329","1252","1302","1273","1274","1244","1340","1342"
"1295","1296","1314","1318","1323","1324","1309","1262","1279"
"1296","1313","1252","1336","1339","1340","1277","1278","1295"
"1297","1280","1269","1320"
"1298","1249","1287","1337","1291","1260","1278"
"1299","1252","1291","1276","1277","1262"
"1300","1281","1346","1286","1303","1256","1304","1324","1308","1340"
"1301","1269","1274","1277","1278"
"1302","1347","1348","1338","1322","1293","1294","1343"
"1303","1345","1330","1300","1269","1304","1257","1337","1290","1260","1342"
"1304","1267","1300","1303","1351","1335","1293","1327"
"1305","1316","1351","1336","1260","1340","1279"
"1306","1345","1329","1282","1314","1346","1348","1333","1351"
"1307","1280","1314","1336","1354","1259","1323","1339","1260","1341"
"1308","1264","1281","1300","1274"
"1309","1336","1273","1337","1262","1295"
"1310","1360","1273","1289","1337","1321","1357"
"1311","1264","1282","1356"
"1312","1344","1352","1320","1321","1324","1341","1325","1326","1359","1327"
"1313","1296","1328","1281","1267","1363","1333","1287","1351","1276"
"1314","1347","1364","1337","1306","1307","1339","1340","1357","1295"
"1315","1336","1353","1277"
"1316","1330","1289","1305","1274","1290","1325","1279"
"1317","1289","1278"
"1318","1332","1295"
"1319","1332","1336","1353","1292","1324","1293","1278"
"1320","1312","1281","1297","1282","1332"
"1321","1312","1284","1333","1368","1338","1371","1356","1310","1342","1279"
"1322","1328","1344","1362","1302","1366","1337","1369","1341","1342","1279"
"1323","1284","1332","1307","1339","1278","1295"
"1324","1312","1300","1319","1341","1295"
"1325","1312","1281","1316","1333","1368","1337","1278"
"1326","1312","1376","1329","1287","1290","1357"
"1327","1312","1360","1304","1372","1278"
"1328","1313","1361","1290","1322","1371","1294"
"1329","1360","1281","1282","1306","1294","1326"
"1330","1316","1366","1303","1288","1289"
"1331","1282","1349","1286","1368","1352","1337","1370","1374","1359"
"1332","1376","1348","1364","1318","1319","1320","1352","1338","1354","1323"
"1333","1313","1284","1321","1306","1291","1325"
"1334","1284","1366","1287","1356"
"1335","1363","1381","1382","1351","1304","1353","1385","1339","1372","1359"
"1336","1296","1315","1319","1305","1307","1309"
"1337","1298","1314","1331","1303","1368","1352","1322","1309","1325","1310"
"1338","1377","1363","1332","1302","1288","1321","1353","1354"
"1339","1296","1314","1365","1335","1289","1307","1323"
"1340","1296","1314","1300","1383","1305","1294"
"1341","1312","1383","1322","1354","1307","1387","1324"
"1342","1303","1321","1322","1294","1358"
"1343","1347","1302","1371"
"1344","1312","1322","1294"
"1345","1346","1394","1381","1303","1352","1306","1354","1370","1388","1389"
"1346","1345","1300","1381","1306","1372","1388"
"1347","1314","1394","1395","1302","1383","1369","1371","1343"
"1348","1377","1332","1349","1302","1306","1371","1358","1359","1391"
"1349","1392","1331","1363","1348","1380","1381","1367","1385","1388","1372"
"1350","1377","1380","1383","1368","1369","1385","1356","1358"
"1351","1360","1313","1396","1335","1304","1305","1369","1306","1389"
"1352","1312","1345","1331","1332","1337","1387"
"1353","1394","1315","1398","1319","1335","1383","1338"
"1354","1376","1345","1332","1385","1338","1402","1307","1341","1358"
"1355","1393","1361","1396"
"1356","1334","1350","1321","1311"
"1357","1314","1310","1326"
"1358","1394","1348","1350","1382","1354","1342"
"1359","1312","1361","1331","1395","1348","1335","1369","1401","1388"
"1360","1329","1365","1351","1386","1310","1327"
"1361","1328","1409","1367","1383","1355","1359"
"1362","1392","1364","1412","1366","1383","1322","1386","1372","1404","1374"
"1363","1313","1349","1335","1368","1338"
"1364","1314","1362","1332","1398","1403"
"1365","1360","1410","1415","1339"
"1366","1330","1362","1334","1322"
"1367","1361","1349"
"1368","1331","1363","1411","1350","1416","1321","1337","1417","1388","1325"
"1369","1347","1350","1351","1322","1359"
"1370","1345","1331","1396"
"1371","1328","1376","1347","1348","1380","1321","1419","1343"
"1372","1346","1362","1395","1349","1335","1327"
"1373","1395","1400","1387","1388","1405","1375"
"1374","1362","1331"
"1375","1411","1373"
"1376","1410","1332","1381","1413","1415","1354","1371","1420","1326","1407"
"1377","1411","1348","1350","1415","1338","1386","1406"
"1378","1397","1383","1401","1423"
"1379","1414","1400","1404","1405"
"1380","1424","1349","1397","1350","1402","1371"
"1381","1376","1392","1345","1346","1349","1398","1335","1416","1391"
"1382","1430","1335","1385","1389","1358","1391"
"1383","1361","1362","1378","1347","1350","1353","1340","1341"
"1384","1408","1398","1401","1419"
"1385","1393","1394","1349","1350","1382","1335","1432","1401","1354","1387"
"1386","1360","1377","1362"
"1387","1392","1352","1385","1341","1373"
"1388","1345","1346","1349","1368","1373","1359"
"1389","1345","1395","1413","1382","1351","1403","1406"
"1390","1409","1395","1432","1417","1419","1422"
"1391","1348","1381","1382"
"1392","1440","1441","1362","1349","1381","1431","1432","1387"
"1393","1425","1398","1431","1385","1355","1438"
"1394","1345","1347","1353","1385","1358"
"1395","1347","1411","1444","1401","1372","1373","1389","1390","1359"
"1396","1351","1370","1355"
"1397","1409","1378","1380","1431"
"1398","1393","1364","1381","1429","1413","1384","1400","1353","1418","1403"
"1399","1429","1433"
"1400","1379","1412","1428","1413","1398","1418","1436","1373","1421","1423"
"1401","1378","1395","1384","1385","1359"
"1402","1380","1354","1407"
"1403","1364","1398","1449","1389","1421"
"1404","1362","1379","1433"
"1405","1379","1373"
"1406","1377","1441","1431","1447","1450","1436","1389","1437","1407"
"1407","1376","1408","1443","1417","1402","1406"
"1408","1457","1441","1410","1384","1448","1432","1450","1407"
"1409","1456","1361","1397","1430","1390"
"1410","1376","1408","1460","1365"
"1411","1440","1377","1426","1395","1447","1368","1432","1454","1375","1455"
"1412","1441","1362","1400","1437","1454"
"1413","1376","1398","1400","1389"
"1414","1379","1427","1448","1436","1439"
"1415","1376","1377","1425","1457","1365","1445","1447"
"1416","1456","1459","1381","1368","1433","1450","1451"
"1417","1368","1448","1435","1453","1390","1407"
"1418","1398","1447","1431","1400","1448","1436"
"1419","1459","1428","1431","1384","1464","1432","1371","1452","1390","1439"
"1420","1376","1460","1431","1421"
"1421","1441","1426","1427","1430","1462","1400","1403","1467","1420","1452"
"1422","1466","1437","1390","1470","1454"
"1423","1440","1425","1378","1442","1400","1451","1436","1453"
"1424","1380","1470"
"1425","1393","1474","1445","1415","1464","1432","1433","1453","1454","1423"
"1426","1411","1475","1428","1464","1465","1433","1467","1421","1453"
"1427","1440","1441","1442","1475","1461","1414","1462","1464","1421","1471"
"1428","1426","1458","1463","1400","1419"
"1429","1398","1430","1399","1431"
"1430","1409","1429","1382","1421"
"1431","1392","1393","1397","1429","1418","1419","1420","1406"
"1432","1392","1408","1425","1411","1385","1419","1390"
"1433","1425","1426","1399","1416","1404"
"1434","1447","1451","1469"
"1435","1456","1441","1442","1445","1417","1466","1483","1455"
"1436","1442","1414","1400","1418","1483","1453","1406","1423","1471"
"1437","1412","1406","1422"
"1438","1393","1457","1478","1469"
"1439","1414","1419","1486"
"1440","1392","1411","1427","1443","1449","1468","1423"
"1441","1392","1408","1474","1427","1412","1435","1468","1421","1406"
"1442","1489","1427","1443","1445","1435","1483","1436","1453","1423"
"1443","1440","1442","1407"
"1444","1472","1457","1395","1491","1476","1479","1452","1453","1471"
"1445","1425","1442","1415","1435"
"1446","1459","1493","1470","1486","1487"
"1447","1457","1411","1460","1415","1418","1434","1484","1406","1455"
"1448","1408","1489","1490","1460","1414","1417","1418","1469","1471"
"1449","1440","1403","1485"
"1450","1408","1416","1406"
"1451","1489","1416","1434","1423","1487"
"1452","1444","1492","1419","1421"
"1453","1425","1426","1442","1444","1417","1436","1423"
"1454","1425","1474","1411","1412","1492","1482","1422"
"1455","1456","1474","1411","1478","1447","1464","1435"
"1456","1409","1489","1476","1478","1416","1464","1435","1469","1470","1455"
"1457","1408","1489","1444","1461","1478","1415","1447","1438","1502","1487"
"1458","1490","1428","1496","1470"
"1459","1446","1416","1419"
"1460","1410","1490","1475","1447","1463","1448","1496","1481","1482","1420"
"1461","1504","1457","1427","1492","1494","1468","1486","1470"
"1462","1427","1421"
"1463","1488","1505","1428","1460","1492","1479","1511","1465","1500","1503"
"1464","1456","1425","1426","1506","1427","1480","1419","1500","1486","1455"
"1465","1426","1490","1508","1493","1463","1511","1514","1515"
"1466","1508","1476","1435","1422","1470","1503"
"1467","1488","1426","1493","1479","1480","1513","1498","1421","1486","1471"
"1468","1440","1441","1461","1494","1479","1515"
"1469","1456","1505","1507","1495","1448","1481","1434","1484","1438"
"1470","1424","1456","1488","1458","1461","1446","1466","1422","1471"
"1471","1427","1444","1478","1448","1467","1436","1470"
"1472","1488","1474","1507","1444","1477","1478","1497","1514","1486","1518"
"1473","1522","1475","1508","1509","1510","1497","1484","1516","1486","1519"
"1474","1472","1425","1441","1454","1455"
"1475","1520","1473","1426","1427","1523","1460","1493","1480","1516","1518"
"1476","1456","1521","1444","1466"
"1477","1472","1504","1502"
"1478","1456","1472","1457","1438","1455","1471"
"1479","1444","1508","1463","1497","1467","1483","1468","1484","1500","1485"
"1480","1475","1464","1467"
"1481","1504","1505","1460","1483","1515","1469","1501","1486","1503"
"1482","1460","1525","1512","1528","1484","1454","1486"
"1483","1442","1523","1524","1509","1479","1481","1435","1436","1533"
"1484","1473","1447","1479","1482","1469"
"1485","1479","1449","1499","1515"
"1486","1472","1473","1461","1446","1464","1481","1482","1467","1439"
"1487","1457","1491","1446","1451"
"1488","1472","1463","1527","1497","1467","1470"
"1489","1456","1457","1442","1526","1448","1451"
"1490","1458","1460","1508","1448","1496","1465"
"1491","1444","1487"
"1492","1461","1510","1542","1463","1452","1454"
"1493","1504","1475","1446","1465","1514","1467","1531","1532","1533","1502"
"1494","1537","1461","1514","1468","1500"
"1495","1521","1506","1508","1528","1498","1469","1533","1503"
"1496","1536","1458","1490","1460","1525","1517"
"1497","1472","1488","1473","1479","1503"
"1498","1522","1507","1541","1525","1509","1495","1512","1529","1467"
"1499","1537","1524","1541","1528","1545","1547","1531","1516","1548","1485"
"1500","1505","1524","1494","1463","1479","1527","1464","1528"
"1501","1509","1527","1481"
"1502","1504","1457","1506","1477","1493","1510","1534"
"1503","1539","1463","1495","1481","1497","1466"
"1504","1461","1477","1493","1481","1502"
"1505","1524","1463","1481","1547","1500","1469"
"1506","1525","1495","1464","1514","1502"
"1507","1472","1520","1552","1538","1523","1511","1498","1469","1518","1535"
"1508","1473","1490","1479","1495","1465","1466"
"1509","1552","1473","1521","1511","1498","1483","1501"
"1510","1473","1492","1524","1512","1529","1546","1516","1502"
"1511","1507","1509","1463","1465"
"1512","1539","1510","1526","1544","1545","1482","1498"
"1513","1542","1467","1515","1518"
"1514","1472","1506","1493","1494","1465"
"1515","1465","1481","1513","1468","1564","1485"
"1516","1473","1475","1510","1499"
"1517","1542","1496","1563","1534","1567"
"1518","1472","1537","1475","1507","1540","1558","1544","1513","1565"
"1519","1473","1542","1558","1534"
"1520","1570","1475","1507","1541","1543","1530","1562","1566","1567"
"1521","1476","1509","1495"
"1522","1473","1542","1543","1528","1545","1498","1563"
"1523","1475","1507","1526","1483"
"1524","1505","1510","1483","1499","1500","1564"
"1525","1506","1538","1572","1556","1496","1482","1498","1535"
"1526","1489","1523","1512"
"1527","1488","1552","1568","1570","1571","1546","1500","1501","1565","1533"
"1528","1536","1522","1572","1556","1541","1495","1482","1499","1500","1566"
"1529","1571","1556","1510","1543","1577","1545","1498","1550"
"1530","1520","1569","1554","1555","1562","1533"
"1531","1493","1557","1542","1499","1564"
"1532","1493","1559","1579","1549"
"1533","1493","1558","1495","1527","1577","1530","1483","1547","1581"
"1534","1517","1502","1519"
"1535","1538","1554","1507","1556","1525","1542","1561","1546","1548","1582"
"1536","1496","1528"
"1537","1585","1586","1494","1559","1576","1499","1518","1582"
"1538","1507","1571","1525","1548","1580","1535"
"1539","1552","1512","1581","1503","1567"
"1540","1568","1588","1544","1577","1563","1547","1579","1518"
"1541","1520","1528","1498","1499"
"1542","1522","1492","1513","1531","1517","1519","1535"
"1543","1520","1522","1556","1573","1589","1529","1566","1583"
"1544","1540","1589","1512","1576","1518","1582"
"1545","1522","1572","1512","1529","1499"
"1546","1586","1571","1510","1527","1535"
"1547","1505","1540","1499","1533"
"1548","1569","1538","1590","1592","1577","1499","1581","1582","1535"
"1549","1586","1555","1572","1532","1596","1550"
"1550","1586","1529","1549","1566"
"1551","1570","1587","1573","1590","1580"
"1552","1568","1507","1539","1509","1590","1527","1564","1582"
"1553","1601","1569","1603","1596","1597"
"1554","1530","1535"
"1555","1584","1569","1574","1592","1576","1530","1549","1582","1583","1599"
"1556","1600","1525","1557","1590","1543","1528","1529","1563","1535"
"1557","1584","1556","1592","1531","1564"
"1558","1533","1565","1518","1519"
"1559","1568","1537","1585","1575","1592","1609","1594","1532","1580"
"1560","1602","1575","1609","1562","1565"
"1561","1600","1570","1590","1575","1562","1611","1535","1567"
"1562","1520","1560","1561","1530"
"1563","1522","1603","1540","1556","1575","1608","1517","1565","1566"
"1564","1552","1524","1557","1515","1531"
"1565","1558","1590","1527","1560","1563","1518"
"1566","1520","1543","1528","1563","1550"
"1567","1520","1539","1603","1606","1590","1561","1517","1581","1614"
"1568","1552","1602","1540","1573","1527","1559","1575","1592","1580","1598"
"1569","1553","1617","1586","1555","1590","1591","1608","1530","1594","1548"
"1570","1520","1588","1620","1572","1589","1527","1561","1551"
"1571","1538","1527","1529","1546"
"1572","1570","1525","1528","1545","1549"
"1573","1568","1606","1543","1623","1594","1610","1597","1614","1551"
"1574","1602","1555","1577","1611","1613"
"1575","1568","1600","1616","1559","1560","1608","1561","1563","1595","1581"
"1576","1537","1555","1544"
"1577","1602","1618","1619","1540","1604","1574","1529","1548","1533"
"1578","1584","1608","1610"
"1579","1616","1540","1623","1624","1608","1593","1610","1532","1597"
"1580","1568","1600","1538","1559","1608","1551"
"1581","1539","1603","1575","1626","1548","1533","1613","1567","1631"
"1582","1552","1537","1555","1544","1548","1535"
"1583","1555","1543","1596","1599"
"1584","1555","1619","1604","1557","1593","1578","1598"
"1585","1537","1559","1612"
"1586","1600","1537","1569","1604","1546","1549","1550"
"1587","1606","1591","1625","1598","1551"
"1588","1570","1618","1540","1589","1607","1608","1595","1611","1615"
"1589","1570","1588","1620","1637","1543","1544","1596","1629"
"1590","1552","1569","1556","1561","1548","1565","1551","1567"
"1591","1569","1587","1605","1630"
"1592","1568","1555","1557","1559","1548"
"1593","1584","1618","1636","1638","1639","1641","1579","1613"
"1594","1569","1602","1573","1559","1631"
"1595","1588","1622","1575","1639","1624","1612","1645","1615"
"1596","1553","1589","1549","1583"
"1597","1553","1573","1638","1607","1610","1579","1612","1647"
"1598","1568","1584","1587"
"1599","1555","1619","1604","1605","1643","1628","1629","1614","1583"
"1600","1586","1556","1575","1639","1561","1580"
"1601","1616","1553","1621","1639","1608","1641","1611","1628","1646"
"1602","1568","1604","1574","1560","1640","1577","1594"
"1603","1553","1635","1563","1581","1567"
"1604","1584","1649","1586","1602","1619","1620","1577","1599"
"1605","1648","1633","1617","1591","1627","1599","1647"
"1606","1632","1650","1587","1620","1573","1639","1646","1567","1631","1647"
"1607","1634","1588","1652","1657","1642","1643","1612","1597","1613","1630"
"1608","1569","1601","1588","1575","1578","1563","1579","1580"
"1609","1616","1652","1559","1639","1623","1560","1656","1641","1642","1614"
"1610","1573","1578","1579","1597"
"1611","1616","1601","1588","1636","1652","1574","1622","1561","1625","1626"
"1612","1585","1607","1595","1597"
"1613","1574","1607","1593","1581"
"1614","1632","1636","1573","1654","1609","1567","1599"
"1615","1664","1588","1655","1624","1595","1628","1644","1630"
"1616","1648","1601","1620","1575","1609","1579","1611","1643","1627","1663"
"1617","1632","1569","1605","1654","1622","1629"
"1618","1633","1588","1668","1640","1577","1593","1657","1659"
"1619","1584","1664","1604","1636","1654","1577","1629","1599","1663"
"1620","1616","1570","1604","1589","1606"
"1621","1601","1670","1656","1626","1628","1629","1631"
"1622","1617","1649","1634","1651","1624","1595","1611","1647"
"1623","1649","1573","1669","1653","1624","1609","1579","1660"
"1624","1650","1634","1622","1623","1579","1595","1615"
"1625","1587","1611"
"1626","1652","1621","1653","1673","1611","1628","1676","1581","1662","1663"
"1627","1616","1632","1635","1605","1653","1657","1658","1642","1663"
"1628","1601","1621","1626","1599","1615"
"1629","1617","1619","1589","1621","1599"
"1630","1653","1591","1607","1615"
"1631","1621","1606","1594","1581"
"1632","1617","1606","1670","1627","1677","1614","1662"
"1633","1618","1667","1605","1674","1646","1679"
"1634","1622","1607","1624"
"1635","1603","1652","1627","1660","1678","1679"
"1636","1619","1593","1611","1614"
"1637","1589","1685","1644"
"1638","1680","1685","1593","1658","1675","1676","1597","1646","1663"
"1639","1600","1601","1606","1593","1609","1641","1674","1595","1646"
"1640","1602","1618","1658","1663"
"1641","1601","1666","1669","1654","1639","1593","1609","1658","1645","1662"
"1642","1668","1685","1607","1688","1609","1674","1627"
"1643","1616","1683","1607","1657","1677","1599"
"1644","1664","1666","1668","1637","1685","1693","1615"
"1645","1654","1672","1641","1595","1678","1647"
"1646","1601","1633","1606","1638","1639"
"1647","1681","1605","1606","1622","1657","1673","1597","1645"
"1648","1616","1682","1605","1671"
"1649","1604","1685","1622","1623","1689","1679"
"1650","1696","1653","1606","1624","1691"
"1651","1681","1683","1699","1701","1622","1670","1654","1661","1677"
"1652","1698","1635","1684","1607","1656","1609","1626","1611","1659"
"1653","1650","1623","1626","1627","1630"
"1654","1617","1619","1651","1641","1645","1614"
"1655","1698","1701","1670","1703","1657","1661","1694","1615","1679"
"1656","1652","1621","1609"
"1657","1618","1607","1655","1627","1643","1647"
"1658","1638","1640","1641","1627"
"1659","1665","1618","1666","1682","1652","1669","1686","1703","1688","1679"
"1660","1664","1635","1702","1623","1671","1663"
"1661","1696","1697","1665","1651","1701","1669","1655","1706","1707","1708"
"1662","1632","1669","1685","1641","1626"
"1663","1616","1619","1638","1640","1626","1627","1660"
"1664","1619","1667","1669","1689","1644","1660","1615"
"1665","1714","1699","1669","1659","1661","1677"
"1666","1680","1641","1659","1644"
"1667","1664","1633","1687"
"1668","1618","1642","1644"
"1669","1664","1665","1623","1641","1659","1661","1662"
"1670","1632","1682","1698","1651","1621","1718","1655","1703","1691","1694"
"1671","1648","1713","1699","1691","1675","1660","1693","1694","1711","1679"
"1672","1697","1682","1683","1685","1717","1686","1722","1645","1711","1695"
"1673","1683","1702","1721","1626","1690","1691","1647"
"1674","1633","1639","1642"
"1675","1680","1681","1700","1638","1702","1671","1676","1695"
"1676","1638","1626","1675"
"1677","1632","1665","1681","1651","1643"
"1678","1635","1718","1687","1719","1706","1645","1694","1695"
"1679","1633","1649","1635","1655","1671","1659","1709"
"1680","1666","1638","1675"
"1681","1651","1721","1675","1677","1647"
"1682","1648","1696","1701","1670","1686","1672","1659","1691","1693","1694"
"1683","1651","1672","1673","1643"
"1684","1696","1729","1698","1731","1652","1716","1686","1707","1692","1710"
"1685","1649","1637","1638","1672","1642","1644","1662"
"1686","1728","1713","1682","1684","1703","1672","1659","1726"
"1687","1667","1721","1708","1678"
"1688","1696","1712","1733","1734","1719","1720","1705","1721","1642","1659"
"1689","1664","1649","1731","1700","1716","1690","1722","1706","1710","1711"
"1690","1673","1689","1691","1708","1694"
"1691","1650","1682","1670","1671","1673","1690"
"1692","1713","1684","1707"
"1693","1682","1730","1732","1671","1719","1720","1738","1644","1695"
"1694","1682","1670","1655","1671","1703","1720","1721","1690","1723","1678"
"1695","1672","1675","1693","1678"
"1696","1650","1682","1698","1684","1688","1661"
"1697","1730","1732","1702","1672","1738","1708","1661","1725","1711"
"1698","1696","1652","1684","1670","1655","1739"
"1699","1665","1651","1671","1711"
"1700","1746","1748","1749","1704","1689","1675","1739","1740"
"1701","1682","1651","1655","1735","1661"
"1702","1697","1673","1675","1660"
"1703","1670","1686","1655","1659","1694"
"1704","1700","1734","1720","1736","1753","1754","1707","1741","1711"
"1705","1745","1732","1750","1688","1753","1722","1706"
"1706","1731","1689","1705","1753","1739","1661","1678","1710","1743","1711"
"1707","1684","1704","1692","1661"
"1708","1697","1687","1690","1661"
"1709","1746","1731","1747","1750","1735","1758","1679","1759","1711","1727"
"1710","1684","1716","1734","1689","1706"
"1711","1744","1697","1746","1699","1671","1672","1704","1689","1706","1709"
"1712","1714","1747","1732","1733","1749","1718","1688","1756","1742","1743"
"1713","1731","1749","1686","1718","1671","1721","1738","1692"
"1714","1712","1665","1751"
"1715","1744","1731","1764","1735","1753","1724","1756","1741"
"1716","1728","1744","1763","1684","1689","1753","1754","1722","1710"
"1717","1760","1748","1672"
"1718","1712","1713","1745","1670","1768","1678"
"1719","1688","1693","1678"
"1720","1688","1704","1693","1694","1743"
"1721","1681","1713","1687","1688","1673","1694"
"1722","1729","1730","1716","1749","1672","1689","1705","1753","1771","1759"
"1723","1745","1762","1746","1736","1770","1756","1757","1773","1694"
"1724","1715","1738","1771"
"1725","1697","1750","1735","1774"
"1726","1728","1761","1747","1763","1686","1754","1772","1774"
"1727","1728","1746","1733","1735","1751","1736","1769","1738","1709","1757"
"1728","1716","1686","1726","1727"
"1729","1730","1684","1732","1722","1743"
"1730","1776","1697","1729","1750","1769","1722","1693"
"1731","1713","1715","1684","1689","1706","1709"
"1732","1712","1760","1697","1729","1779","1765","1751","1705","1740","1693"
"1733","1712","1760","1688","1752","1771","1772","1727","1759"
"1734","1780","1688","1704","1784","1770","1772","1710"
"1735","1715","1763","1701","1765","1709","1725","1773","1727"
"1736","1747","1780","1749","1704","1752","1723","1756","1757","1727"
"1737","1744","1761","1778","1748","1770","1772","1773","1774"
"1738","1697","1713","1786","1724","1693","1727"
"1739","1760","1698","1746","1700","1768","1752","1706","1740","1774","1743"
"1740","1700","1732","1739","1771","1775"
"1741","1715","1704","1785"
"1742","1712","1763","1750","1757","1774","1758","1791","1775","1759"
"1743","1712","1729","1720","1706","1739"
"1744","1715","1716","1737","1711"
"1745","1781","1765","1718","1705","1723","1788","1773","1758","1775"
"1746","1700","1723","1739","1709","1711","1727"
"1747","1712","1760","1781","1736","1709","1726"
"1748","1700","1717","1737"
"1749","1712","1713","1700","1736","1722"
"1750","1730","1705","1709","1725","1742"
"1751","1714","1732","1727"
"1752","1762","1794","1763","1733","1736","1769","1801","1739","1772"
"1753","1715","1716","1704","1705","1706","1722"
"1754","1776","1778","1716","1764","1765","1704","1726"
"1755","1776","1792","1793","1794","1763","1780","1771","1758"
"1756","1712","1715","1763","1736","1723"
"1757","1764","1798","1783","1736","1723","1788","1742","1727"
"1758","1745","1767","1768","1755","1709","1742","1759"
"1759","1733","1783","1722","1709","1742","1758"
"1760","1747","1732","1717","1733","1739"
"1761","1737","1726"
"1762","1752","1723"
"1763","1776","1811","1716","1735","1752","1755","1756","1726","1742"
"1764","1715","1754","1757"
"1765","1745","1794","1795","1779","1732","1735","1815","1754","1807","1775"
"1766","1809","1779","1796","1798","1782","1802","1770","1788","1773","1806"
"1767","1776","1811","1768","1758","1790"
"1768","1795","1779","1718","1767","1784","1801","1802","1739","1773","1758"
"1769","1808","1730","1794","1811","1752","1785","1818","1771","1727"
"1770","1734","1766","1737","1723"
"1771","1733","1769","1722","1755","1787","1724","1740"
"1772","1733","1734","1752","1737","1726"
"1773","1745","1766","1798","1735","1768","1737","1723","1821","1806"
"1774","1784","1737","1739","1803","1788","1725","1726","1742"
"1775","1745","1779","1765","1783","1802","1819","1740","1788","1742"
"1776","1730","1763","1767","1754","1755"
"1777","1779","1783"
"1778","1737","1754"
"1779","1777","1732","1765","1766","1768","1775"
"1780","1825","1810","1795","1734","1830","1736","1755","1789"
"1781","1745","1747","1800","1786"
"1782","1792","1825","1809","1766","1816"
"1783","1777","1757","1759","1775"
"1784","1796","1734","1768","1786","1774"
"1785","1808","1824","1794","1769","1741"
"1786","1825","1827","1781","1813","1784","1801","1738","1803"
"1787","1792","1809","1825","1826","1818","1771","1819","1804","1788","1821"
"1788","1745","1825","1766","1815","1787","1757","1774","1822","1775"
"1789","1827","1780","1828","1800","1804","1839"
"1790","1814","1767"
"1791","1792","1793","1811","1828","1814","1801","1804","1742","1822","1823"
"1792","1842","1812","1782","1817","1834","1755","1787","1805","1821","1791"
"1793","1840","1812","1813","1816","1755","1835","1837","1791","1807"
"1794","1765","1752","1769","1785","1755"
"1795","1841","1780","1765","1829","1768","1816","1817","1804"
"1796","1810","1797","1845","1766","1846","1784","1801"
"1797","1840","1826","1796","1830","1833","1834","1836","1805","1839"
"1798","1840","1809","1766","1814","1799","1757","1773","1822","1807"
"1799","1809","1842","1844","1798","1848","1834","1819","1804","1838","1822"
"1800","1824","1827","1781","1813","1801","1789","1837"
"1801","1796","1812","1815","1752","1768","1800","1833","1786","1802","1791"
"1802","1809","1841","1812","1845","1766","1768","1801","1852","1775","1823"
"1803","1826","1843","1812","1848","1786","1774","1806"
"1804","1795","1799","1833","1787","1789","1791"
"1805","1792","1840","1797","1830","1851","1837"
"1806","1766","1814","1847","1832","1803","1773"
"1807","1793","1810","1842","1765","1798","1832"
"1808","1844","1846","1848","1769","1785","1819","1820","1822","1839"
"1809","1766","1782","1798","1799","1802","1787"
"1810","1780","1796","1829","1807","1823","1839"
"1811","1763","1767","1769","1791"
"1812","1792","1824","1793","1829","1816","1801","1802","1818","1803"
"1813","1856","1793","1862","1831","1800","1832","1786","1837","1839"
"1814","1829","1798","1863","1790","1806","1791"
"1815","1765","1801","1788"
"1816","1793","1795","1812","1782"
"1817","1792","1824","1825","1841","1795","1832","1865","1833","1819","1836"
"1818","1826","1812","1769","1850","1787","1854"
"1819","1808","1799","1817","1787","1868","1775"
"1820","1808","1825","1849"
"1821","1792","1841","1860","1830","1850","1787","1773"
"1822","1808","1798","1799","1788","1836","1791","1839"
"1823","1810","1802","1791"
"1824","1856","1812","1800","1785","1817","1865","1850","1868"
"1825","1780","1782","1817","1786","1787","1788","1820"
"1826","1797","1818","1787","1803","1835","1837","1854"
"1827","1857","1800","1786","1789","1869","1839"
"1828","1836","1789","1791"
"1829","1841","1810","1795","1812","1814","1862","1870"
"1830","1872","1780","1797","1849","1835","1805","1821"
"1831","1872","1813","1861","1878","1835","1868"
"1832","1813","1845","1817","1849","1835","1806","1807"
"1833","1797","1801","1817","1804"
"1834","1792","1841","1797","1799","1882","1851","1868","1854"
"1835","1793","1826","1830","1831","1832"
"1836","1828","1876","1797","1817","1822"
"1837","1793","1826","1860","1876","1813","1845","1878","1800","1881","1805"
"1838","1861","1878","1799","1883"
"1839","1808","1810","1827","1797","1813","1848","1789","1822","1854"
"1840","1793","1890","1797","1861","1798","1868","1805","1869","1853"
"1841","1842","1795","1829","1817","1802","1834","1821","1854","1871"
"1842","1792","1841","1862","1799","1847","1868","1807"
"1843","1890","1860","1844","1878","1863","1879","1850","1803","1868","1854"
"1844","1808","1843","1799"
"1845","1888","1796","1892","1894","1879","1832","1849","1802","1851","1837"
"1846","1808","1796"
"1847","1842","1858","1876","1878","1851","1806"
"1848","1808","1799","1803","1839"
"1849","1872","1876","1845","1830","1878","1832","1850","1883","1867","1820"
"1850","1824","1843","1849","1818","1821","1885"
"1851","1892","1845","1862","1847","1834","1805"
"1852","1874","1858","1802"
"1853","1840","1888","1873","1859","1876","1877","1879","1895","1880","1885"
"1854","1841","1826","1843","1818","1834","1839"
"1855","1872","1874","1858","1875","1892","1893","1878","1887","1871","1903"
"1856","1824","1813"
"1857","1890","1906","1827","1895","1898","1866","1886"
"1858","1847","1852","1855"
"1859","1891","1864","1897","1853"
"1860","1843","1821","1837"
"1861","1840","1889","1894","1831","1863","1838"
"1862","1842","1892","1813","1829","1878","1851","1869"
"1863","1843","1861","1814","1879","1912"
"1864","1859","1891","1876","1892","1867","1884","1901","1902","1870"
"1865","1824","1904","1877","1911","1817","1868","1885","1871"
"1866","1857","1871"
"1867","1904","1911","1879","1864","1849","1897","1884","1917"
"1868","1824","1840","1842","1843","1831","1865","1834","1819"
"1869","1840","1873","1890","1827","1875","1908","1862","1878","1917","1887"
"1870","1888","1891","1829","1894","1864","1881","1899","1902"
"1871","1841","1894","1865","1866","1886","1855"
"1872","1907","1830","1910","1831","1849","1898","1918","1855"
"1873","1910","1853","1869"
"1874","1924","1852","1855"
"1875","1888","1890","1923","1879","1911","1914","1884","1869","1886","1855"
"1876","1906","1847","1864","1849","1836","1837","1853"
"1877","1906","1923","1909","1893","1865","1883","1884","1853","1886"
"1878","1843","1862","1831","1847","1849","1837","1869","1838","1855"
"1879","1922","1843","1875","1845","1863","1881","1882","1867","1853"
"1880","1889","1893","1895","1912","1881","1853","1917","1887"
"1881","1879","1880","1837","1870"
"1882","1879","1834","1899"
"1883","1877","1926","1910","1911","1896","1849","1897","1838","1902"
"1884","1875","1877","1864","1867"
"1885","1893","1865","1850","1930","1916","1853"
"1886","1857","1905","1922","1875","1877","1899","1871"
"1887","1905","1926","1880","1913","1869","1901","1855"
"1888","1904","1937","1875","1923","1845","1853","1870","1935","1903"
"1889","1936","1891","1861","1880","1899","1918","1919"
"1890","1840","1857","1843","1875","1869"
"1891","1889","1859","1941","1910","1864","1897","1899","1870"
"1892","1845","1862","1864","1851","1855","1935"
"1893","1921","1905","1877","1926","1880","1885","1933","1934","1855"
"1894","1920","1921","1845","1861","1928","1930","1870","1871","1903"
"1895","1857","1941","1880","1912","1853","1901","1902"
"1896","1908","1910","1912","1944","1928","1883","1899","1934"
"1897","1937","1938","1859","1891","1929","1914","1898","1867","1883","1899"
"1898","1872","1857","1910","1912","1897"
"1899","1889","1906","1891","1896","1897","1882","1870","1886","1903"
"1900","1912","1918","1950","1934","1935"
"1901","1895","1864","1887"
"1902","1895","1864","1883","1870"
"1903","1888","1952","1937","1894","1911","1899","1934","1855"
"1904","1888","1939","1865","1867","1931","1933","1919","1935"
"1905","1936","1893","1941","1925","1943","1914","1886","1887","1919"
"1906","1857","1876","1877","1899"
"1907","1872","1922","1925","1909","1913","1935"
"1908","1953","1938","1940","1925","1926","1910","1896","1915","1869","1918"
"1909","1954","1907","1877","1910","1911","1929","1946","1930"
"1910","1872","1873","1891","1908","1909","1896","1898","1883"
"1911","1875","1909","1865","1867","1883","1903"
"1912","1937","1956","1941","1863","1895","1880","1896","1898","1900"
"1913","1907","1957","1925","1959","1950","1918","1887"
"1914","1952","1905","1921","1922","1954","1875","1897","1930","1932"
"1915","1939","1908","1925","1941","1950"
"1916","1954","1958","1943","1944","1885","1934"
"1917","1936","1924","1927","1880","1867","1963","1964","1869","1934","1919"
"1918","1872","1889","1923","1908","1924","1958","1959","1913","1900","1964"
"1919","1904","1889","1905","1930","1917","1966"
"1920","1936","1921","1937","1894","1933","1966"
"1921","1920","1969","1893","1941","1894","1929","1914","1932"
"1922","1907","1940","1924","1879","1914","1930","1947","1886","1966"
"1923","1888","1970","1875","1877","1973","1943","1931","1918"
"1924","1968","1874","1922","1938","1959","1917","1918"
"1925","1905","1907","1908","1913","1915"
"1926","1953","1939","1908","1940","1972","1893","1973","1958","1883","1887"
"1927","1968","1956","1959","1947","1964","1917"
"1928","1941","1973","1894","1943","1896","1931"
"1929","1921","1955","1909","1960","1897","1930","1979","1947","1965"
"1930","1922","1909","1894","1929","1914","1885","1919"
"1931","1904","1968","1923","1957","1928","1946","1947","1948"
"1932","1921","1970","1944","1914","1979","1948","1949","1950","1934","1935"
"1933","1904","1920","1937","1940","1893","1976","1962","1934"
"1934","1893","1896","1900","1916","1932","1917","1933","1903"
"1935","1888","1904","1907","1892","1900","1932"
"1936","1920","1889","1905","1937","1985","1941","1959","1977","1917"
"1937","1888","1920","1936","1912","1897","1933","1903"
"1938","1939","1908","1924","1940","1943","1944","1897","1948","1967"
"1939","1904","1969","1938","1926","1960","1915","1979","1949","1965"
"1940","1922","1938","1908","1926","1933"
"1941","1936","1905","1921","1891","1895","1912","1928","1915"
"1942","1968","1953","1987","1955","1973","1976","1944","1977","1949"
"1943","1905","1938","1923","1928","1916"
"1944","1938","1942","1896","1916","1932"
"1945","1969","1954","1972","1989","1992","1947","1964","1966","1983","1967"
"1946","1953","1969","1955","1909","1989","1960","1992","1978","1931"
"1947","1922","1927","1929","1945","1931"
"1948","1952","1938","1986","1973","1989","1993","1961","1931","1932","1997"
"1949","1985","1939","1942","1932","1950","1998"
"1950","1913","1915","1900","1932","1996","1949"
"1951","1957","1977"
"1952","1914","1948","1903"
"1953","1908","1988","1926","1942","1992","1946"
"1954","1971","1987","1909","1958","1945","1914","1916","1982"
"1955","2000","1942","1929","1946"
"1956","1927","1912"
"1957","1968","1969","1913","1993","1978","1931","1998","1951"
"1958","1954","1972","1926","1974","1916","1918"
"1959","1936","2000","1968","1924","1927","1913","1918"
"1960","1986","1939","1971","1929","1946","1994","1998"
"1961","1948","1967"
"1962","1985","1969","1991","1933"
"1963","1917"
"1964","1970","1989","1927","1945","1917","1918","1966","1983"
"1965","2000","1939","1929"
"1966","1920","1922","1990","1945","1964","1996","1998","1919"
"1967","1938","1986","1990","1991","1945","1961"
"1968","1924","1957","1942","1927","1959","1931"
"1969","1921","1939","1957","1945","1946","1962"
"1970","1923","1932","1964"
"1971","1954","1960","1976","1980","1997"
"1972","1926","1958","1945"
"1973","1923","1926","1942","1928","1948"
"1974","2000","1985","1958","1975","1992","1993","1997"
"1975","1974","1991","1978","1997"
"1976","1984","1971","1942","1933","1997","1998"
"1977","1936","1942","1951"
"1978","2000","1957","1975","1946","1999"
"1979","1939","1929","1932"
"1980","1971","1997","1983"
"1981","1986","1994"
"1982","1984","1954","1986","1987"
"1983","1945","1964","1980"
"1984","1976","1982"
"1985","1936","1974","1962","1949"
"1986","1989","1960","1948","1981","1982","1998","1967"
"1987","1954","1942","1982"
"1988","1953","1995"
"1989","1986","1945","1946","1948","1964"
"1990","1966","1967"
"1991","1975","1962","1996","1967"
"1992","1953","1974","1945","1946"
"1993","1957","1974","1948"
"1994","1960","1981"
"1995","1988"
"1996","1991","1950","1966"
"1997","1971","1974","1975","1976","1948","1980"
"1998","1986","1957","1960","1976","1949","1966"
"1999","1978"
"2000","1955","1974","1959","1978","1965"
